{
    "B1": {
        "isSet": 0,
        "isUncertain": 0,
        "stddev": 0,
        "val": 0
    },
    "B2": {
        "isSet": 0,
        "isUncertain": 0,
        "stddev": 0,
        "val": 0
    },
    "cx": {
        "isSet": 1,
        "isUncertain": 0,
        "stddev": 0,
        "val": 424
    },
    "cy": {
        "isSet": 1,
        "isUncertain": 0,
        "stddev": 0,
        "val": 240
    },
    "exportedCameraName": "RealSenseNirRight",
    "f": {
        "isSet": 1,
        "isUncertain": 0,
        "stddev": 0,
        "val": 420
    },
    "k1": {
        "isSet": 0,
        "isUncertain": 0,
        "stddev": 0,
        "val": 0
    },
    "k2": {
        "isSet": 0,
        "isUncertain": 0,
        "stddev": 0,
        "val": 0
    },
    "k3": {
        "isSet": 0,
        "isUncertain": 0,
        "stddev": 0,
        "val": 0
    },
    "k4": {
        "isSet": 0,
        "isUncertain": 0,
        "stddev": 0,
        "val": 0
    },
    "k5": {
        "isSet": 0,
        "isUncertain": 0,
        "stddev": 0,
        "val": 0
    },
    "k6": {
        "isSet": 0,
        "isUncertain": 0,
        "stddev": 0,
        "val": 0
    },
    "oB1": {
        "isSet": 0,
        "isUncertain": 0,
        "stddev": 0,
        "val": 0
    },
    "oB2": {
        "isSet": 0,
        "isUncertain": 0,
        "stddev": 0,
        "val": 0
    },
    "ocx": {
        "isSet": 1,
        "isUncertain": 0,
        "stddev": 0,
        "val": 429.7033386230469
    },
    "ocy": {
        "isSet": 1,
        "isUncertain": 0,
        "stddev": 0,
        "val": 241.29905700683594
    },
    "of": {
        "isSet": 1,
        "isUncertain": 0,
        "stddev": 0,
        "val": 426.2771301269531
    },
    "ok1": {
        "isSet": 1,
        "isUncertain": 0,
        "stddev": 0,
        "val": -0.00337440287694335
    },
    "ok2": {
        "isSet": 1,
        "isUncertain": 0,
        "stddev": 0,
        "val": 0.017727676779031754
    },
    "ok3": {
        "isSet": 1,
        "isUncertain": 0,
        "stddev": 0,
        "val": -0.02984176017343998
    },
    "ok4": {
        "isSet": 0,
        "isUncertain": 0,
        "stddev": 0,
        "val": 0
    },
    "ok5": {
        "isSet": 0,
        "isUncertain": 0,
        "stddev": 0,
        "val": 0
    },
    "ok6": {
        "isSet": 0,
        "isUncertain": 0,
        "stddev": 0,
        "val": 0
    },
    "op1": {
        "isSet": 1,
        "isUncertain": 0,
        "stddev": 0,
        "val": 0.0005281022749841213
    },
    "op2": {
        "isSet": 1,
        "isUncertain": 0,
        "stddev": 0,
        "val": -0.00016981764929369092
    },
    "opix_ratio": {
        "isSet": 0,
        "isUncertain": 0,
        "stddev": 0,
        "val": 0
    },
    "p1": {
        "isSet": 0,
        "isUncertain": 0,
        "stddev": 0,
        "val": 0
    },
    "p2": {
        "isSet": 0,
        "isUncertain": 0,
        "stddev": 0,
        "val": 0
    },
    "pix_ratio": {
        "isSet": 1,
        "isUncertain": 0,
        "stddev": 0,
        "val": 1
    },
    "s": {
        "h": 480,
        "w": 848
    },
    "useDRd": false,
    "useRd": true,
    "useSd": false,
    "useTd": true
}
