{
    "exportedStereoRigName": "RealSenseLeftToRGB",
    "ofsrx": {
        "isSet": 0,
        "isUncertain": 0,
        "stddev": 0,
        "val": 0
    },
    "ofsry": {
        "isSet": 0,
        "isUncertain": 0,
        "stddev": 0,
        "val": 0
    },
    "ofsrz": {
        "isSet": 0,
        "isUncertain": 0,
        "stddev": 0,
        "val": 0
    },
    "ofsx": {
        "isSet": 0,
        "isUncertain": 0,
        "stddev": 0,
        "val": 0
    },
    "ofsy": {
        "isSet": 0,
        "isUncertain": 0,
        "stddev": 0,
        "val": 0
    },
    "ofsz": {
        "isSet": 0,
        "isUncertain": 0,
        "stddev": 0,
        "val": 0
    },
    "oofs": {
        "CovMatTrig": [
        ],
        "isSet": 1,
        "isUncertain": 0,
        "vals": [
            59.37446212768555,
            1.2903872728347778,
            0.2863568365573883
        ]
    },
    "oofsr": {
        "CovMatTrig": [
        ],
        "isSet": 1,
        "isUncertain": 0,
        "vals": [
            -0.0012338749365881085,
            -0.009429548867046833,
            -1.5411574167956132e-06
        ]
    }
}
