{
    "B1": {
        "isSet": 0,
        "isUncertain": 0,
        "stddev": 0,
        "val": 0
    },
    "B2": {
        "isSet": 0,
        "isUncertain": 0,
        "stddev": 0,
        "val": 0
    },
    "cx": {
        "isSet": 1,
        "isUncertain": 0,
        "stddev": 0,
        "val": 424
    },
    "cy": {
        "isSet": 1,
        "isUncertain": 0,
        "stddev": 0,
        "val": 240
    },
    "exportedCameraName": "RealSenseRGB",
    "f": {
        "isSet": 1,
        "isUncertain": 0,
        "stddev": 0,
        "val": 420
    },
    "k1": {
        "isSet": 0,
        "isUncertain": 0,
        "stddev": 0,
        "val": 0
    },
    "k2": {
        "isSet": 0,
        "isUncertain": 0,
        "stddev": 0,
        "val": 0
    },
    "k3": {
        "isSet": 0,
        "isUncertain": 0,
        "stddev": 0,
        "val": 0
    },
    "k4": {
        "isSet": 0,
        "isUncertain": 0,
        "stddev": 0,
        "val": 0
    },
    "k5": {
        "isSet": 0,
        "isUncertain": 0,
        "stddev": 0,
        "val": 0
    },
    "k6": {
        "isSet": 0,
        "isUncertain": 0,
        "stddev": 0,
        "val": 0
    },
    "oB1": {
        "isSet": 0,
        "isUncertain": 0,
        "stddev": 0,
        "val": 0
    },
    "oB2": {
        "isSet": 0,
        "isUncertain": 0,
        "stddev": 0,
        "val": 0
    },
    "ocx": {
        "isSet": 1,
        "isUncertain": 0,
        "stddev": 0,
        "val": 435.1934509277344
    },
    "ocy": {
        "isSet": 1,
        "isUncertain": 0,
        "stddev": 0,
        "val": 245.0545654296875
    },
    "of": {
        "isSet": 1,
        "isUncertain": 0,
        "stddev": 0,
        "val": 427.02392578125
    },
    "ok1": {
        "isSet": 1,
        "isUncertain": 0,
        "stddev": 0,
        "val": -0.04883617162704468
    },
    "ok2": {
        "isSet": 1,
        "isUncertain": 0,
        "stddev": 0,
        "val": 0.06485910713672638
    },
    "ok3": {
        "isSet": 1,
        "isUncertain": 0,
        "stddev": 0,
        "val": -0.025758322328329086
    },
    "ok4": {
        "isSet": 0,
        "isUncertain": 0,
        "stddev": 0,
        "val": 0
    },
    "ok5": {
        "isSet": 0,
        "isUncertain": 0,
        "stddev": 0,
        "val": 0
    },
    "ok6": {
        "isSet": 0,
        "isUncertain": 0,
        "stddev": 0,
        "val": 0
    },
    "op1": {
        "isSet": 1,
        "isUncertain": 0,
        "stddev": 0,
        "val": 0.0002860391978174448
    },
    "op2": {
        "isSet": 1,
        "isUncertain": 0,
        "stddev": 0,
        "val": -0.00010392419062554836
    },
    "opix_ratio": {
        "isSet": 0,
        "isUncertain": 0,
        "stddev": 0,
        "val": 0
    },
    "p1": {
        "isSet": 0,
        "isUncertain": 0,
        "stddev": 0,
        "val": 0
    },
    "p2": {
        "isSet": 0,
        "isUncertain": 0,
        "stddev": 0,
        "val": 0
    },
    "pix_ratio": {
        "isSet": 1,
        "isUncertain": 0,
        "stddev": 0,
        "val": 1
    },
    "s": {
        "h": 480,
        "w": 848
    },
    "useDRd": false,
    "useRd": true,
    "useSd": false,
    "useTd": true
}
