{
    "exportedStereoRigName": "RealSenseLeftToRight",
    "ofsrx": {
        "isSet": 1,
        "isUncertain": 1,
        "stddev": 3,
        "val": 0
    },
    "ofsry": {
        "isSet": 1,
        "isUncertain": 1,
        "stddev": 3,
        "val": 0
    },
    "ofsrz": {
        "isSet": 1,
        "isUncertain": 1,
        "stddev": 3,
        "val": 0
    },
    "ofsx": {
        "isSet": 1,
        "isUncertain": 1,
        "stddev": 1,
        "val": 95
    },
    "ofsy": {
        "isSet": 1,
        "isUncertain": 1,
        "stddev": 1,
        "val": 0
    },
    "ofsz": {
        "isSet": 1,
        "isUncertain": 1,
        "stddev": 1,
        "val": 0
    },
    "oofs": {
        "CovMatTrig": [
        ],
        "isSet": 1,
        "isUncertain": 0,
        "vals": [
            95.00017547607422,
            -0.005106068681925535,
            0.010552443563938141
        ]
    },
    "oofsr": {
        "CovMatTrig": [
        ],
        "isSet": 1,
        "isUncertain": 0,
        "vals": [
            -0.0010774284601211548,
            -0.0029843903612345457,
            -0.0002581358712632209
        ]
    }
}
