{
    "B1": {
        "isSet": 0,
        "isUncertain": 0,
        "stddev": 0,
        "val": 0
    },
    "B2": {
        "isSet": 0,
        "isUncertain": 0,
        "stddev": 0,
        "val": 0
    },
    "cx": {
        "isSet": 1,
        "isUncertain": 0,
        "stddev": 0,
        "val": 424
    },
    "cy": {
        "isSet": 1,
        "isUncertain": 0,
        "stddev": 0,
        "val": 240
    },
    "exportedCameraName": "RealSenseRight",
    "f": {
        "isSet": 1,
        "isUncertain": 0,
        "stddev": 0,
        "val": 420
    },
    "k1": {
        "isSet": 0,
        "isUncertain": 0,
        "stddev": 0,
        "val": 0
    },
    "k2": {
        "isSet": 0,
        "isUncertain": 0,
        "stddev": 0,
        "val": 0
    },
    "k3": {
        "isSet": 0,
        "isUncertain": 0,
        "stddev": 0,
        "val": 0
    },
    "k4": {
        "isSet": 0,
        "isUncertain": 0,
        "stddev": 0,
        "val": 0
    },
    "k5": {
        "isSet": 0,
        "isUncertain": 0,
        "stddev": 0,
        "val": 0
    },
    "k6": {
        "isSet": 0,
        "isUncertain": 0,
        "stddev": 0,
        "val": 0
    },
    "oB1": {
        "isSet": 0,
        "isUncertain": 0,
        "stddev": 0,
        "val": 0
    },
    "oB2": {
        "isSet": 0,
        "isUncertain": 0,
        "stddev": 0,
        "val": 0
    },
    "ocx": {
        "isSet": 1,
        "isUncertain": 0,
        "stddev": 0,
        "val": 423.3401184082031
    },
    "ocy": {
        "isSet": 1,
        "isUncertain": 0,
        "stddev": 0,
        "val": 238.3828125
    },
    "of": {
        "isSet": 1,
        "isUncertain": 0,
        "stddev": 0,
        "val": 424.6548156738281
    },
    "ok1": {
        "isSet": 1,
        "isUncertain": 0,
        "stddev": 0,
        "val": -0.00168806838337332
    },
    "ok2": {
        "isSet": 1,
        "isUncertain": 0,
        "stddev": 0,
        "val": -0.02581840567290783
    },
    "ok3": {
        "isSet": 1,
        "isUncertain": 0,
        "stddev": 0,
        "val": 0.055611953139305115
    },
    "ok4": {
        "isSet": 0,
        "isUncertain": 0,
        "stddev": 0,
        "val": 0
    },
    "ok5": {
        "isSet": 0,
        "isUncertain": 0,
        "stddev": 0,
        "val": 0
    },
    "ok6": {
        "isSet": 0,
        "isUncertain": 0,
        "stddev": 0,
        "val": 0
    },
    "op1": {
        "isSet": 1,
        "isUncertain": 0,
        "stddev": 0,
        "val": 0.00017367734108120203
    },
    "op2": {
        "isSet": 1,
        "isUncertain": 0,
        "stddev": 0,
        "val": -0.0005581790464930236
    },
    "opix_ratio": {
        "isSet": 0,
        "isUncertain": 0,
        "stddev": 0,
        "val": 0
    },
    "p1": {
        "isSet": 0,
        "isUncertain": 0,
        "stddev": 0,
        "val": 0
    },
    "p2": {
        "isSet": 0,
        "isUncertain": 0,
        "stddev": 0,
        "val": 0
    },
    "pix_ratio": {
        "isSet": 1,
        "isUncertain": 0,
        "stddev": 0,
        "val": 1
    },
    "s": {
        "h": 480,
        "w": 848
    },
    "useDRd": false,
    "useRd": true,
    "useSd": false,
    "useTd": true
}
