{
    "exportedStereoRigName": "RealSenseLeftToRight",
    "ofsrx": {
        "isSet": 0,
        "isUncertain": 0,
        "stddev": 0,
        "val": 0
    },
    "ofsry": {
        "isSet": 0,
        "isUncertain": 0,
        "stddev": 0,
        "val": 0
    },
    "ofsrz": {
        "isSet": 0,
        "isUncertain": 0,
        "stddev": 0,
        "val": 0
    },
    "ofsx": {
        "isSet": 0,
        "isUncertain": 0,
        "stddev": 0,
        "val": 0
    },
    "ofsy": {
        "isSet": 0,
        "isUncertain": 0,
        "stddev": 0,
        "val": 0
    },
    "ofsz": {
        "isSet": 0,
        "isUncertain": 0,
        "stddev": 0,
        "val": 0
    },
    "oofs": {
        "CovMatTrig": [
        ],
        "isSet": 1,
        "isUncertain": 0,
        "vals": [
            49.248809814453125,
            -0.2706030309200287,
            -0.288585901260376
        ]
    },
    "oofsr": {
        "CovMatTrig": [
        ],
        "isSet": 1,
        "isUncertain": 0,
        "vals": [
            0.0008017044165171683,
            -0.0015457062982022762,
            -0.00021892410586588085
        ]
    }
}
