{
    "exportedStereoRigName": "RealSenseLeftToRight",
    "ofsrx": {
        "isSet": 0,
        "isUncertain": 0,
        "stddev": 0,
        "val": 0
    },
    "ofsry": {
        "isSet": 0,
        "isUncertain": 0,
        "stddev": 0,
        "val": 0
    },
    "ofsrz": {
        "isSet": 0,
        "isUncertain": 0,
        "stddev": 0,
        "val": 0
    },
    "ofsx": {
        "isSet": 0,
        "isUncertain": 0,
        "stddev": 0,
        "val": 0
    },
    "ofsy": {
        "isSet": 0,
        "isUncertain": 0,
        "stddev": 0,
        "val": 0
    },
    "ofsz": {
        "isSet": 0,
        "isUncertain": 0,
        "stddev": 0,
        "val": 0
    },
    "oofs": {
        "CovMatTrig": [
        ],
        "isSet": 1,
        "isUncertain": 0,
        "vals": [
            95.0826187133789,
            0.06743112951517105,
            -0.1536746472120285
        ]
    },
    "oofsr": {
        "CovMatTrig": [
        ],
        "isSet": 1,
        "isUncertain": 0,
        "vals": [
            -0.00021538767032325268,
            -0.0002859547967091203,
            -0.00013538975326810032
        ]
    }
}
