{
    "B1": {
        "isSet": 0,
        "isUncertain": 0,
        "stddev": 0,
        "val": 0
    },
    "B2": {
        "isSet": 0,
        "isUncertain": 0,
        "stddev": 0,
        "val": 0
    },
    "cx": {
        "isSet": 1,
        "isUncertain": 0,
        "stddev": 0,
        "val": 640
    },
    "cy": {
        "isSet": 1,
        "isUncertain": 0,
        "stddev": 0,
        "val": 360
    },
    "exportedCameraName": "zedRight720p",
    "f": {
        "isSet": 1,
        "isUncertain": 0,
        "stddev": 0,
        "val": 640
    },
    "k1": {
        "isSet": 0,
        "isUncertain": 0,
        "stddev": 0,
        "val": 0
    },
    "k2": {
        "isSet": 0,
        "isUncertain": 0,
        "stddev": 0,
        "val": 0
    },
    "k3": {
        "isSet": 0,
        "isUncertain": 0,
        "stddev": 0,
        "val": 0
    },
    "k4": {
        "isSet": 0,
        "isUncertain": 0,
        "stddev": 0,
        "val": 0
    },
    "k5": {
        "isSet": 0,
        "isUncertain": 0,
        "stddev": 0,
        "val": 0
    },
    "k6": {
        "isSet": 0,
        "isUncertain": 0,
        "stddev": 0,
        "val": 0
    },
    "oB1": {
        "isSet": 0,
        "isUncertain": 0,
        "stddev": 0,
        "val": 0
    },
    "oB2": {
        "isSet": 0,
        "isUncertain": 0,
        "stddev": 0,
        "val": 0
    },
    "ocx": {
        "isSet": 1,
        "isUncertain": 0,
        "stddev": 0,
        "val": 641.63525390625
    },
    "ocy": {
        "isSet": 1,
        "isUncertain": 0,
        "stddev": 0,
        "val": 355.5729675292969
    },
    "of": {
        "isSet": 1,
        "isUncertain": 0,
        "stddev": 0,
        "val": 696.7808837890625
    },
    "ok1": {
        "isSet": 1,
        "isUncertain": 0,
        "stddev": 0,
        "val": -0.15778301656246185
    },
    "ok2": {
        "isSet": 1,
        "isUncertain": 0,
        "stddev": 0,
        "val": -0.02566586621105671
    },
    "ok3": {
        "isSet": 1,
        "isUncertain": 0,
        "stddev": 0,
        "val": 0.050309620797634125
    },
    "ok4": {
        "isSet": 0,
        "isUncertain": 0,
        "stddev": 0,
        "val": 0
    },
    "ok5": {
        "isSet": 0,
        "isUncertain": 0,
        "stddev": 0,
        "val": 0
    },
    "ok6": {
        "isSet": 0,
        "isUncertain": 0,
        "stddev": 0,
        "val": 0
    },
    "op1": {
        "isSet": 1,
        "isUncertain": 0,
        "stddev": 0,
        "val": -0.0002776143082883209
    },
    "op2": {
        "isSet": 1,
        "isUncertain": 0,
        "stddev": 0,
        "val": -0.0005863533588126302
    },
    "opix_ratio": {
        "isSet": 0,
        "isUncertain": 0,
        "stddev": 0,
        "val": 0
    },
    "p1": {
        "isSet": 0,
        "isUncertain": 0,
        "stddev": 0,
        "val": 0
    },
    "p2": {
        "isSet": 0,
        "isUncertain": 0,
        "stddev": 0,
        "val": 0
    },
    "pix_ratio": {
        "isSet": 1,
        "isUncertain": 0,
        "stddev": 0,
        "val": 1
    },
    "s": {
        "h": 720,
        "w": 1280
    },
    "useDRd": false,
    "useRd": true,
    "useSd": false,
    "useTd": true
}
